{
  "EXT_SOURCE_2": 0.15820674818158895,
  "EXT_SOURCE_3": 0.6813275217428424,
  "DAYS_BIRTH": -15128.250154941075,
  "DAYS_REGISTRATION": -1810.8369194545053,
  "DAYS_EMPLOYED": -951.6990541437152,
  "AMT_CREDIT": 310922.9933178773,
  "DAYS_ID_PUBLISH": -3186.8545263408364,
  "AMT_ANNUITY": 13789.358375390619,
  "BUREAU_DAYS_CREDIT_MAX_x": -1411.0503539106976,
  "delay_mean": -12.850867651165716,
  "PREV_DAYS_DECISION_MAX": -1299.6046593474034,
  "EXT_SOURCE_1": 0.504952414207815,
  "BUREAU_AMT_CREDIT_SUM_MEAN_x": 73144.47271827163,
  "PREV_CREDIT_APPLICATION_RATIO_MEAN": 1.1253458309467177,
  "DAYS_LAST_PHONE_CHANGE": 0.0,
  "BUREAU_AMT_CREDIT_SUM_SUM_x": 186572.68599189442,
  "instalment_mean": 7132.884734994083,
  "BUREAU_DAYS_CREDIT_MIN_x": -2758.9770448454906,
  "PREV_AMT_APPLICATION_MEAN": 169543.18336056598,
  "POS_CNT_INSTALMENT_MEAN": 23.402717055303903,
  "PREV_DAYS_DECISION_MEAN": -1820.191211000057,
  "BUREAU_DAYS_CREDIT_MEAN_x": -1413.8358858142678,
  "PREV_AMT_ANNUITY_MEAN": 12904.94516550377,
  "PREV_DAYS_DECISION_MIN": -1982.380019662509,
  "PREV_AMT_ANNUITY_MAX": 32838.73109890656,
  "LOG_INCOME": 14.709688905136233,
  "instalment_sum": 1229939.7731562292,
  "PREV_AMT_APPLICATION_MAX": 303946.25148764404,
  "nb_instalments": 91.62190246770679,
  "POS_MONTHS_BALANCE_COUNT": 62.003331224809564,
  "PREV_AMT_DOWN_PAYMENT_MEAN": 12671.253383899468,
  "delay_rate": 0.02005925236689128,
  "PREV_AMT_DOWN_PAYMENT_MAX": 38137.716363760126,
  "BUREAU_CREDIT_ACTIVE_ACTIVE_MEAN_x": 0.0,
  "HOUR_APPR_PROCESS_START": 17.584664443961156,
  "partial_payment_rate": 0.0,
  "LANDAREA_AVG": 0.03122949619641801,
  "POS_MONTHS_BALANCE_MIN": -126.66605585215373,
  "OWN_CAR_AGE": 6.983302977612928,
  "LIVINGAREA_AVG": 0.06337732506688092,
  "BUREAU_BB_STATUS0_RATE_MEAN_x": 0.3128093610319229,
  "APARTMENTS_AVG": 0.09509103034132828,
  "BASEMENTAREA_AVG": 0.06470969250917998,
  "NONLIVINGAREA_AVG": 0.0041666148706078114,
  "YEARS_BUILD_AVG": 0.3894168691642844,
  "PREV_IS_APPROVED_MEAN": 0.5643748835150396,
  "COMMONAREA_AVG": 0.012652850050985662,
  "PREV_IS_REFUSED_MEAN": 0.0,
  "BUREAU_BB_NB_MONTHS_MEAN_x": 22.74509371142822,
  "POS_CNT_INSTALMENT_MAX": 31.555108143839423,
  "LIVINGAPARTMENTS_AVG": 0.10494624757544693,
  "PREV_SK_ID_PREV_COUNT": 3.7240537003045038,
  "POS_POS_STATUS_SIGNED_MEAN": 0.0,
  "CC_CNT_DRAWINGS_CURRENT_MEAN": 0.0,
  "CC_MONTHS_BALANCE_COUNT": 0.0,
  "CC_CC_UTILIZATION_MAX": 0.0,
  "BUREAU_AMT_CREDIT_SUM_LIMIT_MEAN_x": 0.0,
  "CC_AMT_BALANCE_MEAN": 0.0,
  "BUREAU_AMT_CREDIT_SUM_LIMIT_MAX_x": 0.0,
  "ENTRANCES_AVG": 0.14815557943972643,
  "AMT_REQ_CREDIT_BUREAU_YEAR": 1.2683649926926006,
  "CC_CC_UTILIZATION_MEAN": 0.0,
  "BUREAU_BB_STATUS0_RATE_MEAN_y": 0.0,
  "BUREAU_BB_NB_MONTHS_MEAN_y": 0.0,
  "FLOORSMAX_AVG": 0.1314978703308597,
  "CC_CNT_DRAWINGS_CURRENT_MAX": 0.0,
  "CNT_CHILDREN": 0.0,
  "REGION_RATING_CLIENT": 1.8180154734725464,
  "FLOORSMIN_AVG": 0.2132938207555144,
  "AMT_REQ_CREDIT_BUREAU_MON": 0.0,
  "FLAG_WORK_PHONE": 0.0,
  "ELEVATORS_AVG": 0.0,
  "CC_CC_STATUS_ACTIVE_MEAN": 0.0,
  "DEF_30_CNT_SOCIAL_CIRCLE": 0.0,
  "FLAG_DOCUMENT_3": 0.6348748464080477,
  "FLAG_PHONE": 0.0,
  "BUREAU_AMT_CREDIT_SUM_OVERDUE_SUM_x": 0.0,
  "DEF_60_CNT_SOCIAL_CIRCLE": 0.0,
  "REG_CITY_NOT_WORK_CITY": 0.0,
  "LIVE_CITY_NOT_WORK_CITY": 0.0,
  "REG_CITY_NOT_LIVE_CITY": 0.0,
  "FLAG_EMP_PHONE": 0.0,
  "FLAG_DOCUMENT_6": 0.0,
  "FLAG_DOCUMENT_16": 0.0,
  "FLAG_DOCUMENT_13": 0.0
}