{
  "EXT_SOURCE_2": 0.169709429462804,
  "EXT_SOURCE_3": 0.8104067045615588,
  "DAYS_BIRTH": -32426.844438509994,
  "DAYS_REGISTRATION": -1576.0897196472245,
  "DAYS_EMPLOYED": -1936.9331721782096,
  "AMT_CREDIT": 407401.8267117075,
  "DAYS_ID_PUBLISH": -3406.817503766196,
  "AMT_ANNUITY": 19111.287434890375,
  "BUREAU_DAYS_CREDIT_MAX_x": -1528.2055695398074,
  "delay_mean": -20.329726764671104,
  "PREV_DAYS_DECISION_MAX": -674.6649992007535,
  "EXT_SOURCE_1": 0.3037649617748197,
  "BUREAU_AMT_CREDIT_SUM_MEAN_x": 52755.17666279475,
  "PREV_CREDIT_APPLICATION_RATIO_MEAN": 1.0818280607482587,
  "DAYS_LAST_PHONE_CHANGE": 0.0,
  "BUREAU_AMT_CREDIT_SUM_SUM_x": 398993.47732181795,
  "instalment_mean": 14208.653425649954,
  "BUREAU_DAYS_CREDIT_MIN_x": -2002.4077386426602,
  "PREV_AMT_APPLICATION_MEAN": 115058.69905334675,
  "POS_CNT_INSTALMENT_MEAN": 19.60047049434916,
  "PREV_DAYS_DECISION_MEAN": -1264.2260608567383,
  "BUREAU_DAYS_CREDIT_MEAN_x": -1955.689545145146,
  "PREV_AMT_ANNUITY_MEAN": 11079.979115362807,
  "PREV_DAYS_DECISION_MIN": -1661.3452351738938,
  "PREV_AMT_ANNUITY_MAX": 17586.82656297261,
  "LOG_INCOME": 7.862391757674454,
  "instalment_sum": 667136.6208468479,
  "PREV_AMT_APPLICATION_MAX": 239675.02872345375,
  "nb_instalments": 60.97370478688005,
  "POS_MONTHS_BALANCE_COUNT": 43.46215480139961,
  "PREV_AMT_DOWN_PAYMENT_MEAN": 12272.049966563174,
  "delay_rate": 0.017316256304286008,
  "PREV_AMT_DOWN_PAYMENT_MAX": 60622.44252841117,
  "BUREAU_CREDIT_ACTIVE_ACTIVE_MEAN_x": 0.0,
  "HOUR_APPR_PROCESS_START": 14.018844203728127,
  "partial_payment_rate": 0.0,
  "LANDAREA_AVG": 0.058532126880613225,
  "POS_MONTHS_BALANCE_MIN": -103.79379290228289,
  "OWN_CAR_AGE": 13.128279672288585,
  "LIVINGAREA_AVG": 0.03884727108906979,
  "BUREAU_BB_STATUS0_RATE_MEAN_x": 0.540576178045355,
  "APARTMENTS_AVG": 0.12778971030481132,
  "BASEMENTAREA_AVG": 0.10394133653856859,
  "NONLIVINGAREA_AVG": 0.002404413649195685,
  "YEARS_BUILD_AVG": 0.6244147187791234,
  "PREV_IS_APPROVED_MEAN": 0.6724518398764654,
  "COMMONAREA_AVG": 0.023237605977602743,
  "PREV_IS_REFUSED_MEAN": 0.0,
  "BUREAU_BB_NB_MONTHS_MEAN_x": 30.001652553992436,
  "POS_CNT_INSTALMENT_MAX": 19.609770464713396,
  "LIVINGAPARTMENTS_AVG": 0.0785866951592139,
  "PREV_SK_ID_PREV_COUNT": 5.9546028503559745,
  "POS_POS_STATUS_SIGNED_MEAN": 0.0,
  "CC_CNT_DRAWINGS_CURRENT_MEAN": 0.0,
  "CC_MONTHS_BALANCE_COUNT": 0.0,
  "CC_CC_UTILIZATION_MAX": 0.0,
  "BUREAU_AMT_CREDIT_SUM_LIMIT_MEAN_x": 0.0,
  "CC_AMT_BALANCE_MEAN": 0.0,
  "BUREAU_AMT_CREDIT_SUM_LIMIT_MAX_x": 0.0,
  "ENTRANCES_AVG": 0.12705275596590973,
  "AMT_REQ_CREDIT_BUREAU_YEAR": 1.3540155304554593,
  "CC_CC_UTILIZATION_MEAN": 0.0,
  "BUREAU_BB_STATUS0_RATE_MEAN_y": 0.0,
  "BUREAU_BB_NB_MONTHS_MEAN_y": 0.0,
  "FLOORSMAX_AVG": 0.21196738124581732,
  "CC_CNT_DRAWINGS_CURRENT_MAX": 0.0,
  "CNT_CHILDREN": 0.0,
  "REGION_RATING_CLIENT": 1.1293310877011413,
  "FLOORSMIN_AVG": 0.23353039359932698,
  "AMT_REQ_CREDIT_BUREAU_MON": 0.0,
  "FLAG_WORK_PHONE": 0.0,
  "ELEVATORS_AVG": 0.0,
  "CC_CC_STATUS_ACTIVE_MEAN": 0.0,
  "DEF_30_CNT_SOCIAL_CIRCLE": 0.0,
  "FLAG_DOCUMENT_3": 0.7353255509597496,
  "FLAG_PHONE": 0.0,
  "BUREAU_AMT_CREDIT_SUM_OVERDUE_SUM_x": 0.0,
  "DEF_60_CNT_SOCIAL_CIRCLE": 0.0,
  "REG_CITY_NOT_WORK_CITY": 0.0,
  "LIVE_CITY_NOT_WORK_CITY": 0.0,
  "REG_CITY_NOT_LIVE_CITY": 0.0,
  "FLAG_EMP_PHONE": 0.0,
  "FLAG_DOCUMENT_6": 0.0,
  "FLAG_DOCUMENT_16": 0.0,
  "FLAG_DOCUMENT_13": 0.0
}